Name,scorer,mean,stderr,BenchmarkRuns
choice:0.28±0.02,choice,0.2803030303030303,0.018720372561004,enhRcQmfN6RFB2zu7R3Uxr
choice:0.36±0.02,choice,0.3630050505050505,0.0241809106720749,T3FWdCCWBryVjxwTcoY5bK
choice:0.27±0.02,choice,0.2746212121212121,0.0230324679547787,fQjoHKyUEPAuwdrBGfL8SG
choice:0.47±0.03,choice,0.4731691919191919,0.0277374082770409,PCLvrs4TEBtqQqcYeU8pAG
choice:0.27±0.02,choice,0.271780303030303,0.0195357996878873,eZaQhpbhbzbo3sbKGS5Efa
choice:0.46±0.03,choice,0.4586489898989899,0.0261729563955832,PKdqpKZ9tqDWyWJ7GksBWz
choice:0.57±0.03,choice,0.5722853535353535,0.0279597096365042,9TrLEEw8TvsyugyCjwvUvD
choice:0.38±0.02,choice,0.3772095959595959,0.0240689254246201,L9yfwZC3snsKZshBXTaXjc
choice:0.49±0.03,choice,0.4889520202020202,0.0262541098733719,Y59q8WbEDp2HH8oovyJCj9
choice:0.31±0.02,choice,0.3065025252525252,0.0233732294827062,fu7pWqbSC4MUBdwv3GFNa5
choice:0.6±0.03,choice,0.5950126262626263,0.0279512423863727,4NiUpCrLfz3oFaerkrMeBt
choice:0.49±0.03,choice,0.4921085858585858,0.0259992702772717,fairJpL9VekDBKxYHG9ZoG
choice:0.42±0.02,choice,0.4236111111111111,0.0240761426183016,AWewipyfSQb8hXtS8d4fNL
choice:0.55±0.03,choice,0.553030303030303,0.0282080901470788,JCCVcVLz3J4TQXSU67hMJZ
choice:0.42±0.03,choice,0.4226641414141414,0.026795949166711,4j3WRhhruXrfaq9Jki3NDc
choice:0.47±0.03,choice,0.4715909090909091,0.0263953939565335,hTnDa4gn8RYduCEYqoNywe
choice:0.41±0.02,choice,0.4059343434343434,0.0239202234917488,QLejPZXhjX6SQCQgzjNvCG
choice:0.36±0.02,choice,0.3648989898989899,0.0238978844286916,ZUJxsJDpHnLXxNiDcvj22W
choice:0.54±0.03,choice,0.5404040404040404,0.0275285554533486,78Wpvp8WDByAcQRBas72cs
choice:0.5±0.03,choice,0.5031565656565656,0.0282578210729093,7CkADTsoNbDd88uqYbqfwj
choice:0.35±0.03,choice,0.3465909090909091,0.0250762559835514,mTa4f52zsEuxdrPy7WfQvX
normalized_string_match:0.1±0,normalized_string_match,0.0952605740181268,0.0049275912766844,9tSgxGV3nzhTBpq7GcX7yx
sympy_equiv:0.11±0.01,sympy_equiv,0.1117824773413897,0.0055178099272122,9tSgxGV3nzhTBpq7GcX7yx
model_graded_equiv:0.12±0.01,model_graded_equiv,0.1163141993957704,0.0055439459138513,9tSgxGV3nzhTBpq7GcX7yx
normalized_string_match:0.67±0.01,normalized_string_match,0.667012839879154,0.0106483759714945,QyqLmgcJpeDMsnQyaaJVkR
sympy_equiv:0.67±0.01,sympy_equiv,0.6678625377643505,0.0107338507240549,QyqLmgcJpeDMsnQyaaJVkR
model_graded_equiv:0.7±0.01,model_graded_equiv,0.7039274924471299,0.0101748934155157,QyqLmgcJpeDMsnQyaaJVkR
normalized_string_match:0.2±0.01,normalized_string_match,0.1960913897280966,0.0076802790847809,WsSrH8oHBm7m7vq9yTRqSC
sympy_equiv:0.2±0.01,sympy_equiv,0.1998678247734139,0.0077985852433449,WsSrH8oHBm7m7vq9yTRqSC
model_graded_equiv:0.23±0.01,model_graded_equiv,0.2297016616314199,0.0084655340270774,WsSrH8oHBm7m7vq9yTRqSC
normalized_string_match:0.38±0.01,normalized_string_match,0.3830249244712991,0.0104180765479614,PxLmyq7PFfARAuqxg5oPtE
sympy_equiv:0.37±0.01,sympy_equiv,0.3731117824773414,0.0104617185721368,PxLmyq7PFfARAuqxg5oPtE
model_graded_equiv:0.41±0.01,model_graded_equiv,0.4074773413897281,0.0105749024591458,PxLmyq7PFfARAuqxg5oPtE
normalized_string_match:0.24±0.01,normalized_string_match,0.2378209969788519,0.0091756324192112,CPpd4hqQHtZ5pUejBELwKb
normalized_string_match:0.6±0.01,normalized_string_match,0.6011140483383686,0.0113739117373153,kDnfjYKQpnLGEjuhBc9AvM
sympy_equiv:0.23±0.01,sympy_equiv,0.2319675226586102,0.0091770978795248,CPpd4hqQHtZ5pUejBELwKb
sympy_equiv:0.59±0.01,sympy_equiv,0.5906344410876133,0.0114937716464905,kDnfjYKQpnLGEjuhBc9AvM
model_graded_equiv:0.25±0.01,model_graded_equiv,0.2512273413897281,0.0094563932465263,CPpd4hqQHtZ5pUejBELwKb
model_graded_equiv:0.62±0.01,model_graded_equiv,0.6186744712990937,0.0112012212758022,kDnfjYKQpnLGEjuhBc9AvM
normalized_string_match:0.14±0.01,normalized_string_match,0.1397280966767371,0.0065158669608467,cJWh887zSiTtnxm9XAJVkr
sympy_equiv:0.15±0.01,sympy_equiv,0.14529833836858,0.0066610513356829,cJWh887zSiTtnxm9XAJVkr
model_graded_equiv:0.16±0.01,model_graded_equiv,0.158893504531722,0.0069594085160011,cJWh887zSiTtnxm9XAJVkr
normalized_string_match:0.37±0.01,normalized_string_match,0.3738670694864048,0.0103443297948122,VBStRVGFi47EVz2pn33xu4
sympy_equiv:0.38±0.01,sympy_equiv,0.3756608761329305,0.0103714882464217,VBStRVGFi47EVz2pn33xu4
model_graded_equiv:0.4±0.01,model_graded_equiv,0.4002077039274924,0.0105387946323973,VBStRVGFi47EVz2pn33xu4
choice:0.33±0.02,choice,0.3295454545454545,0.0232488508326528,eMAisrJd7fAUHPfcPWXeXo
choice:0.26±0.02,choice,0.2594696969696969,0.0167496639925874,WWS3aotkrymLmBBDhhtvWQ
choice:0.44±0.02,choice,0.4419191919191919,0.0245228634721493,MEwMcmSV32JHrsNoAq4BFL
normalized_string_match:0.13±0.01,normalized_string_match,0.1266049848942598,0.0067783294203363,QSnWVKUVj9six4jYj4HJD9
sympy_equiv:0.13±0.01,sympy_equiv,0.1330249244712991,0.0069452213434275,QSnWVKUVj9six4jYj4HJD9
model_graded_equiv:0.15±0.01,model_graded_equiv,0.1487915407854985,0.0072299659137194,QSnWVKUVj9six4jYj4HJD9
choice:0.15±0.01,choice,0.1474116161616161,0.0113728237214483,WxMpEBcTf8qPFPz4BrF86B
normalized_string_match:0.44±0.01,normalized_string_match,0.4411820241691843,0.0118235052413379,H42HJG29bwqzaMewTMsmky
sympy_equiv:0.47±0.01,sympy_equiv,0.4684667673716012,0.0117924916958059,H42HJG29bwqzaMewTMsmky
model_graded_equiv:0.52±0.01,model_graded_equiv,0.5168051359516617,0.0116250120233614,H42HJG29bwqzaMewTMsmky
normalized_string_match:0.47±0.01,normalized_string_match,0.4702605740181269,0.0110837187892277,Uqsvq9TAGoqD2xpKfhHBmS
sympy_equiv:0.47±0.01,sympy_equiv,0.4677114803625378,0.011231461501228,Uqsvq9TAGoqD2xpKfhHBmS
model_graded_equiv:0.51±0.01,model_graded_equiv,0.5104796072507553,0.011208419842185,Uqsvq9TAGoqD2xpKfhHBmS
normalized_string_match:0.48±0.01,normalized_string_match,0.4808345921450151,0.0111366361689396,5iyKgWVhAmNwrA5rNL7MbW
sympy_equiv:0.48±0.01,sympy_equiv,0.4807401812688822,0.0112373805329702,5iyKgWVhAmNwrA5rNL7MbW
model_graded_equiv:0.53±0.01,model_graded_equiv,0.5263406344410876,0.0112752756968717,5iyKgWVhAmNwrA5rNL7MbW
normalized_string_match:0.49±0.01,normalized_string_match,0.4926359516616314,0.0110318279821616,ZQgz8AGm4KHin9MFupLu58
sympy_equiv:0.5±0.01,sympy_equiv,0.4980173716012084,0.0112722924508115,ZQgz8AGm4KHin9MFupLu58
model_graded_equiv:0.53±0.01,model_graded_equiv,0.5327605740181269,0.0112212902144101,ZQgz8AGm4KHin9MFupLu58
choice:0.31±0.02,choice,0.307449494949495,0.0202005179734244,9K6c9b6v9zQrQYtw827BDn
choice:0.41±0.03,choice,0.4078282828282828,0.02574288051254,Pex6SpYJX8ZPySncfNNy7H
choice:0.51±0.03,choice,0.5091540404040404,0.0258619927027706,S5QYXSvQBRSbUbXSnAGbMm
choice:0.29±0.02,choice,0.2881944444444444,0.0199369122812249,NeqeQSxHmdUNLk9Ytpo6qo
normalized_string_match:0.21±0.01,normalized_string_match,0.2137462235649546,0.0082199043557832,gyxR3YTcmh4UcKZkET5pPX
sympy_equiv:0.21±0.01,sympy_equiv,0.2129909365558912,0.0083177010448227,gyxR3YTcmh4UcKZkET5pPX
model_graded_equiv:0.23±0.01,model_graded_equiv,0.2287575528700906,0.0085194576319953,gyxR3YTcmh4UcKZkET5pPX
normalized_string_match:0.49±0.01,normalized_string_match,0.4934856495468278,0.0115276663293885,AjroyuZECXLtMTwnzaMHtX
sympy_equiv:0.52±0.01,sympy_equiv,0.5228474320241692,0.0114158367279115,AjroyuZECXLtMTwnzaMHtX
model_graded_equiv:0.57±0.01,model_graded_equiv,0.5694864048338368,0.011091284283577,AjroyuZECXLtMTwnzaMHtX
normalized_string_match:0.15±0.01,normalized_string_match,0.1530400302114803,0.0073537280400477,FD2ztfjFUeqGyrtF8yuCUB
sympy_equiv:0.16±0.01,sympy_equiv,0.1610649546827794,0.0075614980845058,FD2ztfjFUeqGyrtF8yuCUB
model_graded_equiv:0.18±0.01,model_graded_equiv,0.1817409365558912,0.0079818173440472,FD2ztfjFUeqGyrtF8yuCUB
normalized_string_match:0.1±0.01,normalized_string_match,0.0973376132930513,0.0060002625124809,Gs4vxvDD5wmrSvyTkqx2YV
sympy_equiv:0.1±0.01,sympy_equiv,0.1012084592145015,0.006164427453025,Gs4vxvDD5wmrSvyTkqx2YV
model_graded_equiv:0.12±0.01,model_graded_equiv,0.1172583081570997,0.0065956709139699,Gs4vxvDD5wmrSvyTkqx2YV
choice:0.32±0.02,choice,0.319760101010101,0.0200052916619008,Jwi8JTeeTxJuJY8qidxngw
normalized_string_match:0.78±0.01,normalized_string_match,0.7763406344410876,0.0090993786894271,FaRZDKSriUbS3Brt6qprP9
sympy_equiv:0.77±0.01,sympy_equiv,0.7748300604229608,0.009332904690271,FaRZDKSriUbS3Brt6qprP9
model_graded_equiv:0.84±0.01,model_graded_equiv,0.8425226586102719,0.0082567150837881,FaRZDKSriUbS3Brt6qprP9
normalized_string_match:0.35±0.01,normalized_string_match,0.353285498489426,0.0104302714954589,6SNzvpd6kXXxqpJoaHsSDd
sympy_equiv:0.36±0.01,sympy_equiv,0.3570619335347432,0.0104408233143866,6SNzvpd6kXXxqpJoaHsSDd
model_graded_equiv:0.37±0.01,model_graded_equiv,0.3748111782477341,0.0105872842637639,6SNzvpd6kXXxqpJoaHsSDd
choice:0.37±0.02,choice,0.3746843434343434,0.0248030099939483,DHdeZNynu4VtRp2VGkCGvd
choice:0.26±0.02,choice,0.2607323232323232,0.0170304336177357,iT3BBFWjsZk2rKHKeJDsM8
choice:0.26±0.02,choice,0.2632575757575757,0.0199018085582841,evPjJw9SKqq3TieSdxrSQn
choice:0.41±0.03,choice,0.4056186868686868,0.026224849492112,jrvutCoFFG4KxYtU7REdpe
normalized_string_match:0.04±0,normalized_string_match,0.0449395770392749,0.0030964501135242,BURdKU7mhUX4YMPUDoFsed
sympy_equiv:0.05±0,sympy_equiv,0.052870090634441,0.0034120468064815,BURdKU7mhUX4YMPUDoFsed
model_graded_equiv:0.06±0,model_graded_equiv,0.0612726586102719,0.0037433164863856,BURdKU7mhUX4YMPUDoFsed
normalized_string_match:0.21±0.01,normalized_string_match,0.2087424471299093,0.0079429287977141,dekbZbU3BtiQZNKG8Txaax
sympy_equiv:0.21±0.01,sympy_equiv,0.2085536253776435,0.0079005204272762,dekbZbU3BtiQZNKG8Txaax
model_graded_equiv:0.23±0.01,model_graded_equiv,0.225547583081571,0.0082576399397808,dekbZbU3BtiQZNKG8Txaax
normalized_string_match:0.02±0,normalized_string_match,0.0220921450151057,0.0020182489750026,4bkXhqCNoe6RpTe9taJ7kR
sympy_equiv:0.03±0,sympy_equiv,0.0253021148036253,0.0022305233296215,4bkXhqCNoe6RpTe9taJ7kR
model_graded_equiv:0.03±0,model_graded_equiv,0.0328549848942598,0.0025422297741566,4bkXhqCNoe6RpTe9taJ7kR
normalized_string_match:0.04±0,normalized_string_match,0.0375755287009063,0.0029571869627267,nzy4SGSeKGzQSKJLWExKpV
sympy_equiv:0.04±0,sympy_equiv,0.0399358006042296,0.003097871676279,nzy4SGSeKGzQSKJLWExKpV
model_graded_equiv:0.05±0,model_graded_equiv,0.0514539274924471,0.0033693214361751,nzy4SGSeKGzQSKJLWExKpV
choice:0.15±0.01,choice,0.1518308080808081,0.0101488910372273,YbQkMPC2GtNLhxqTEhhVsa
choice:0.31±0.02,choice,0.3058712121212121,0.0193705960394135,Sn2qbB2HiySe7NcG28jnyM
choice:0.25±0.01,choice,0.2462121212121212,0.0136233519507619,82RTgqgiC2UuM5M37L3WWM
normalized_string_match:0.33±0.01,normalized_string_match,0.326095166163142,0.0105464865572094,c4V7sc8TUNJ8wQKRhuA2Rv
sympy_equiv:0.33±0.01,sympy_equiv,0.328738670694864,0.0106245675797011,c4V7sc8TUNJ8wQKRhuA2Rv
model_graded_equiv:0.35±0.01,model_graded_equiv,0.3541351963746224,0.0108552375620858,c4V7sc8TUNJ8wQKRhuA2Rv
normalized_string_match:0.2±0.01,normalized_string_match,0.1962802114803625,0.0074477961898561,ZAVTwsDqrvbWbqSgeNdXFd
sympy_equiv:0.2±0.01,sympy_equiv,0.1962802114803625,0.0074418053305346,ZAVTwsDqrvbWbqSgeNdXFd
model_graded_equiv:0.23±0.01,model_graded_equiv,0.226869335347432,0.0081277080892373,ZAVTwsDqrvbWbqSgeNdXFd
normalized_string_match:0.34±0.01,normalized_string_match,0.3445996978851964,0.0099405560646425,6JiXiQ67iyiC7cFFRiogvs
sympy_equiv:0.34±0.01,sympy_equiv,0.3443164652567976,0.0099958289639328,6JiXiQ67iyiC7cFFRiogvs
model_graded_equiv:0.37±0.01,model_graded_equiv,0.366786253776435,0.0102296048596909,6JiXiQ67iyiC7cFFRiogvs
normalized_string_match:0.18±0.01,normalized_string_match,0.1761706948640483,0.0082402240776457,Hdcqs42VnPNVBquXttexhq
sympy_equiv:0.18±0.01,sympy_equiv,0.1819297583081571,0.0084424707842648,Hdcqs42VnPNVBquXttexhq
model_graded_equiv:0.21±0.01,model_graded_equiv,0.2100641993957704,0.0089907248462561,Hdcqs42VnPNVBquXttexhq
normalized_string_match:0.24±0.01,normalized_string_match,0.240464501510574,0.0093703617144521,PM3GCQcVK7t2MujNp4F4kH
sympy_equiv:0.24±0.01,sympy_equiv,0.2448074018126888,0.0095352271716721,PM3GCQcVK7t2MujNp4F4kH
model_graded_equiv:0.28±0.01,model_graded_equiv,0.2788897280966767,0.0099394743068041,PM3GCQcVK7t2MujNp4F4kH
normalized_string_match:0.24±0.01,normalized_string_match,0.2361216012084592,0.0084288871050694,bH5kVfLE53CxY3qWmB9C5K
sympy_equiv:0.24±0.01,sympy_equiv,0.2359327794561933,0.0085630431489146,bH5kVfLE53CxY3qWmB9C5K
model_graded_equiv:0.25±0.01,model_graded_equiv,0.2548149546827795,0.0087723689877396,bH5kVfLE53CxY3qWmB9C5K
choice:0.43±0.02,choice,0.4343434343434343,0.0232320933334442,MQJA3RUjsQzSubGJiukZ7A
normalized_string_match:0.37±0.01,normalized_string_match,0.3677303625377643,0.0100693142527054,9mWoY9fM2ifKvDg3xaug6h
sympy_equiv:0.36±0.01,sympy_equiv,0.3640483383685801,0.010228974225486,9mWoY9fM2ifKvDg3xaug6h
model_graded_equiv:0.39±0.01,model_graded_equiv,0.3906722054380664,0.0103172588614644,9mWoY9fM2ifKvDg3xaug6h
normalized_string_match:0.22±0.01,normalized_string_match,0.2168617824773414,0.0080218141990508,4bAYQuh4heJoTNhapVZLNB
sympy_equiv:0.23±0.01,sympy_equiv,0.2324395770392749,0.0083037104309383,4bAYQuh4heJoTNhapVZLNB
model_graded_equiv:0.26±0.01,model_graded_equiv,0.2573640483383685,0.0087195215751901,4bAYQuh4heJoTNhapVZLNB
choice:0.33±0.03,choice,0.3289141414141414,0.0325694433356493,TTa3hu7PgRxHgizVreZsdJ
normalized_string_match:0.47±0.01,normalized_string_match,0.4671450151057402,0.0122090320260325,ZR7amdUBRr5Cke8Aoz4snr
sympy_equiv:0.47±0.01,sympy_equiv,0.4703549848942598,0.0122196214092772,ZR7amdUBRr5Cke8Aoz4snr
model_graded_equiv:0.5±0.01,model_graded_equiv,0.4977341389728096,0.0121852759365695,ZR7amdUBRr5Cke8Aoz4snr
normalized_string_match:0.02±0,normalized_string_match,0.0185989425981873,0.0018110309225725,6xHApTdQAWM9e5oCvKYS3W
sympy_equiv:0.02±0,sympy_equiv,0.0205815709969788,0.0019632749085765,6xHApTdQAWM9e5oCvKYS3W
model_graded_equiv:0.04±0,model_graded_equiv,0.0359705438066465,0.0026669434464957,6xHApTdQAWM9e5oCvKYS3W
normalized_string_match:0.07±0,normalized_string_match,0.0740181268882175,0.004564571869915,4PTATufH2ra3guNeLwT9p9
sympy_equiv:0.08±0,sympy_equiv,0.0778889728096676,0.0047514526276845,4PTATufH2ra3guNeLwT9p9
model_graded_equiv:0.09±0.01,model_graded_equiv,0.0929003021148036,0.0051024645463178,4PTATufH2ra3guNeLwT9p9
normalized_string_match:0.09±0.01,normalized_string_match,0.0864803625377643,0.0064308820978338,PMbefrjykQmTBpABMa7FJi
sympy_equiv:0.09±0.01,sympy_equiv,0.0916729607250755,0.0065848175575381,PMbefrjykQmTBpABMa7FJi
model_graded_equiv:0.12±0.01,model_graded_equiv,0.1165030211480362,0.0073558537081513,PMbefrjykQmTBpABMa7FJi
normalized_string_match:0.05±0,normalized_string_match,0.0530589123867069,0.0035533085789175,Cm4UkgA5TtmzQegrq3rbvm
sympy_equiv:0.05±0,sympy_equiv,0.0545694864048338,0.0036721016553897,Cm4UkgA5TtmzQegrq3rbvm
model_graded_equiv:0.06±0,model_graded_equiv,0.0639161631419939,0.0040168441495506,Cm4UkgA5TtmzQegrq3rbvm
choice:0.34±0.02,choice,0.3396464646464646,0.0201109334051767,ibpS8bs4z3wD3Hb6F3kpdV
normalized_string_match:0.1±0.01,normalized_string_match,0.1036631419939577,0.0056616141444085,iUdecHq9vU5utytzgTXzqY
sympy_equiv:0.1±0.01,sympy_equiv,0.1006419939577039,0.0055761270916923,iUdecHq9vU5utytzgTXzqY
model_graded_equiv:0.11±0.01,model_graded_equiv,0.1124433534743202,0.0059909492707317,iUdecHq9vU5utytzgTXzqY
choice:0.54±0.03,choice,0.5378787878787878,0.0270663423166071,83DRJD4FvjwqU9eStRaNiU
choice:0.27±0.02,choice,0.2714646464646464,0.0208637066715537,DGEzZA6nvTne4MEGSuo3Tm
choice:0.25±0.02,choice,0.2525252525252525,0.0193056147227972,bJV4D8SEo9zMJPEYTTXJNZ
choice:0.39±0.02,choice,0.3876262626262626,0.0247765985354172,dDeREdDJ5bVyci3APZxzWb
choice:0.13±0.01,choice,0.132260101010101,0.0098880862130403,5XuVuHeUDekHqjUy2P8gww
choice:0.49±0.03,choice,0.4902146464646464,0.0259188409886569,ZQPNnicTuhuscJvni85PFY
choice:0.3±0.02,choice,0.2989267676767677,0.0209619109876166,XCSWtbDquA7FUiWfd7kh9q
choice:0.3±0.02,choice,0.2982954545454545,0.0191469980379236,Y6KPSujFepdwqinKLf9mDF
choice:0.34±0.02,choice,0.3405934343434343,0.0206813477915864,ifAM3DJBdm5eU9Y2DjaEvW
choice:0.49±0.03,choice,0.4914772727272727,0.0269477674041786,WtALgW6VSFdihDZWXRm2AZ
choice:0.46±0.02,choice,0.4627525252525252,0.0240583636209396,5JgivNDZp2D7Lc7cpDhS28
normalized_string_match:0.13±0.01,normalized_string_match,0.1296261329305136,0.0070165501784109,YNhHxRT9Ee2uEWWJh9RXuP
sympy_equiv:0.13±0.01,sympy_equiv,0.1278323262839879,0.0069154743204121,YNhHxRT9Ee2uEWWJh9RXuP
model_graded_equiv:0.14±0.01,model_graded_equiv,0.1444486404833836,0.0074462876171129,YNhHxRT9Ee2uEWWJh9RXuP
normalized_string_match:0.14±0.01,normalized_string_match,0.1375566465256797,0.007119064770121,hqdiKcvEPSRyvenUVB9qxM
sympy_equiv:0.13±0.01,sympy_equiv,0.1320808157099698,0.0069729137009932,hqdiKcvEPSRyvenUVB9qxM
model_graded_equiv:0.15±0.01,model_graded_equiv,0.149358006042296,0.0074545346705844,hqdiKcvEPSRyvenUVB9qxM
normalized_string_match:0.1±0.01,normalized_string_match,0.0995090634441087,0.0058319804562565,9qCrggpoq8FjQWVQhHaGBT
sympy_equiv:0.1±0.01,sympy_equiv,0.0952605740181268,0.0056573851193139,9qCrggpoq8FjQWVQhHaGBT
model_graded_equiv:0.11±0.01,model_graded_equiv,0.1082892749244713,0.0060925987120546,9qCrggpoq8FjQWVQhHaGBT
normalized_string_match:0.02±0,normalized_string_match,0.0223753776435045,0.0021507623433788,9ZQaypWLwLHbQrqTWfoEor
sympy_equiv:0.03±0,sympy_equiv,0.0250188821752265,0.0023364021952304,9ZQaypWLwLHbQrqTWfoEor
model_graded_equiv:0.04±0,model_graded_equiv,0.0368202416918429,0.0027715208474754,9ZQaypWLwLHbQrqTWfoEor
choice:0.47±0.03,choice,0.4744318181818182,0.028523027562061,TxXS78Wg2pSCDbpmeJuzQn
normalized_string_match:0.08±0,normalized_string_match,0.0827039274924471,0.0047771760318575,GN3Hez798byishFw3U6cpp
sympy_equiv:0.08±0,sympy_equiv,0.084120090634441,0.0048687100280586,GN3Hez798byishFw3U6cpp
model_graded_equiv:0.1±0.01,model_graded_equiv,0.0995090634441087,0.0053032722455159,GN3Hez798byishFw3U6cpp
normalized_string_match:0.22±0.01,normalized_string_match,0.218655589123867,0.007806993895467,cGMb2vs9NhfkwZJsQXzLmQ
sympy_equiv:0.22±0.01,sympy_equiv,0.2175226586102719,0.0078638436468717,cGMb2vs9NhfkwZJsQXzLmQ
model_graded_equiv:0.24±0.01,model_graded_equiv,0.2424471299093655,0.0082968841122321,cGMb2vs9NhfkwZJsQXzLmQ
normalized_string_match:0.21±0.01,normalized_string_match,0.2139350453172205,0.0083817178647273,gypQecfFNK2x4pNGDtGMDv
sympy_equiv:0.22±0.01,sympy_equiv,0.2174282477341389,0.0085300984553667,gypQecfFNK2x4pNGDtGMDv
model_graded_equiv:0.24±0.01,model_graded_equiv,0.2446185800604229,0.0089233478664317,gypQecfFNK2x4pNGDtGMDv
normalized_string_match:0.41±0.01,normalized_string_match,0.4067220543806646,0.0117769701713221,DeaDxFfiQtCTdnZPH7Awaf
sympy_equiv:0.4±0.01,sympy_equiv,0.4046450151057402,0.0118128177037682,DeaDxFfiQtCTdnZPH7Awaf
model_graded_equiv:0.42±0.01,model_graded_equiv,0.4159743202416918,0.0118166702648866,DeaDxFfiQtCTdnZPH7Awaf
normalized_string_match:0.59±0.01,normalized_string_match,0.5933723564954683,0.0109355230304441,ni4DJboYYpdRssVeAuro2V
sympy_equiv:0.59±0.01,sympy_equiv,0.5912009063444109,0.0110785438385642,ni4DJboYYpdRssVeAuro2V
model_graded_equiv:0.63±0.01,model_graded_equiv,0.631703172205438,0.0107142493311476,ni4DJboYYpdRssVeAuro2V
normalized_string_match:0.41±0.01,normalized_string_match,0.4127643504531722,0.0104384393709864,div9uE9eovqykqx883kSpE
sympy_equiv:0.41±0.01,sympy_equiv,0.4087046827794562,0.0105698895210994,div9uE9eovqykqx883kSpE
model_graded_equiv:0.45±0.01,model_graded_equiv,0.4481684290030212,0.0107034886864154,div9uE9eovqykqx883kSpE
choice:0.41±0.02,choice,0.4103535353535353,0.0229483410910256,9SSHEP95FYVZvHDdoHSRy3
choice:0.34±0.02,choice,0.3390151515151515,0.0210731743939474,RJm4u2vXF6PUmThJGzAfHE
normalized_string_match:0.35±0.01,normalized_string_match,0.350547583081571,0.0098343916768311,iHRmwxsh8M3FGun8x5mxkt
sympy_equiv:0.36±0.01,sympy_equiv,0.3571563444108761,0.0099380124588752,iHRmwxsh8M3FGun8x5mxkt
model_graded_equiv:0.39±0.01,model_graded_equiv,0.3943542296072507,0.0102930530947018,iHRmwxsh8M3FGun8x5mxkt
normalized_string_match:0.68±0.01,normalized_string_match,0.675226586102719,0.0128746395798288,8Uu6XsSJCKwcwhXDt8vgzq
sympy_equiv:0.68±0.01,sympy_equiv,0.6759818731117825,0.0128668505484278,8Uu6XsSJCKwcwhXDt8vgzq
model_graded_equiv:0.82±0.01,model_graded_equiv,0.8164652567975831,0.0106426082581615,8Uu6XsSJCKwcwhXDt8vgzq
choice:0.76±0.03,choice,0.7575757575757576,0.030532892233932,Uczhz7MKLstjLkSbbGuwdN
normalized_string_match:0.78±0.01,normalized_string_match,0.7764350453172205,0.0114544569850659,AzanNoyhhVrtQi63Azo6hu
sympy_equiv:0.8±0.01,sympy_equiv,0.797583081570997,0.0110466717424557,AzanNoyhhVrtQi63Azo6hu
model_graded_equiv:0.94±0.01,model_graded_equiv,0.9441087613293052,0.0063154304853334,AzanNoyhhVrtQi63Azo6hu
normalized_string_match:0.39±0.01,normalized_string_match,0.3909554380664652,0.0101912283789089,Hf2ESooSteQK99yFjhFm8t
sympy_equiv:0.39±0.01,sympy_equiv,0.3920883685800604,0.0102796104199654,Hf2ESooSteQK99yFjhFm8t
model_graded_equiv:0.43±0.01,model_graded_equiv,0.426642749244713,0.0104058546835758,Hf2ESooSteQK99yFjhFm8t
choice:0.57±0.03,choice,0.5653409090909091,0.0276399002995089,Vwo3nMA8g2gGBCyTdKFMQJ
normalized_string_match:0.58±0.01,normalized_string_match,0.5843089123867069,0.010320504790468,exvQCLCiga6gE7zvQNp2Z6
sympy_equiv:0.58±0.01,sympy_equiv,0.584120090634441,0.0104930890611998,exvQCLCiga6gE7zvQNp2Z6
model_graded_equiv:0.65±0.01,model_graded_equiv,0.6485083081570997,0.010485766934209,exvQCLCiga6gE7zvQNp2Z6
choice:0.4±0.02,choice,0.4037247474747474,0.0238524756040244,Hc2ycMP6DyCZxCPjKbZFQU
choice:0.46±0.03,choice,0.4608585858585858,0.0259578300457906,d6JihAFVqUy3u9suNt4P3L
normalized_string_match:0.51±0.01,normalized_string_match,0.5115181268882175,0.0106388738902346,Nk4mmCXFH3mEyCYnQPdPx5
sympy_equiv:0.54±0.01,sympy_equiv,0.53672583081571,0.0110007768879001,Nk4mmCXFH3mEyCYnQPdPx5
model_graded_equiv:0.56±0.01,model_graded_equiv,0.5607061933534743,0.0107672079887217,Nk4mmCXFH3mEyCYnQPdPx5
normalized_string_match:0.43±0.01,normalized_string_match,0.4284365558912387,0.0107685797958219,NbsnvBsMoMizozbPZY8LLb
sympy_equiv:0.42±0.01,sympy_equiv,0.421166918429003,0.0108183132775767,NbsnvBsMoMizozbPZY8LLb
model_graded_equiv:0.45±0.01,model_graded_equiv,0.4481684290030212,0.0108549272339936,NbsnvBsMoMizozbPZY8LLb
choice:0.45±0.02,choice,0.4529671717171717,0.0247946886770578,oDq358GfyV5Au65scERdVo
choice:0.74±0.03,choice,0.742739898989899,0.025411943362857,ehvA5nisC7GMbgbyy3Z4Et
normalized_string_match:0.78±0.01,normalized_string_match,0.7841767371601208,0.0107083497424487,2RiSB2ii5kf2Q6fDBv2P3E
sympy_equiv:0.81±0.01,sympy_equiv,0.8091012084592145,0.0100965178183889,2RiSB2ii5kf2Q6fDBv2P3E
model_graded_equiv:0.95±0,model_graded_equiv,0.9516616314199396,0.0046519178576215,2RiSB2ii5kf2Q6fDBv2P3E
choice:0.28±0.02,choice,0.2758838383838384,0.0161176855002927,bDS2AGEf3AywbVcdDyAKZK
choice:0.56±0.03,choice,0.5606060606060606,0.0259027466413267,RAwuPRwJedy7P2KeQhEmr8
choice:0.72±0.03,choice,0.7171717171717171,0.0320877955878675,XPHDbKVUCPNCs5NoVWU8S3
normalized_string_match:0.07±0,normalized_string_match,0.0749622356495468,0.0043974377364291,njA86GC9DzSXyiZWtUxXiD
sympy_equiv:0.08±0,sympy_equiv,0.076000755287009,0.0044894958032763,njA86GC9DzSXyiZWtUxXiD
model_graded_equiv:0.18±0.01,model_graded_equiv,0.1756042296072507,0.0072956576610985,njA86GC9DzSXyiZWtUxXiD
normalized_string_match:0.04±0,normalized_string_match,0.036631419939577,0.0024850322672582,PnvmfAHVxH9oXfcdcUeUZ3
sympy_equiv:0.05±0,sympy_equiv,0.04607250755287,0.0030430744810264,PnvmfAHVxH9oXfcdcUeUZ3
model_graded_equiv:0.65±0.01,model_graded_equiv,0.6493580060422961,0.0106568713840848,PnvmfAHVxH9oXfcdcUeUZ3
normalized_string_match:0.78±0.01,normalized_string_match,0.7787009063444109,0.011412879597745,XVqLs2khGFSNwEbHJTEgRU
sympy_equiv:0.78±0.01,sympy_equiv,0.7847432024169184,0.0112995798782548,XVqLs2khGFSNwEbHJTEgRU
model_graded_equiv:0.93±0.01,model_graded_equiv,0.9305135951661632,0.0069908721600314,XVqLs2khGFSNwEbHJTEgRU
choice:0.48±0.03,choice,0.4788510101010101,0.0263369721787261,gULKGqAe9nG9syxmYMtkhi
normalized_string_match:0.45±0.01,normalized_string_match,0.4476019637462236,0.0108914329510838,D3G2BKGnh6YSvw4bEYSdiY
sympy_equiv:0.47±0.01,sympy_equiv,0.4702605740181269,0.0112212902144101,D3G2BKGnh6YSvw4bEYSdiY
model_graded_equiv:0.5±0.01,model_graded_equiv,0.4977341389728096,0.0111028196180965,D3G2BKGnh6YSvw4bEYSdiY
choice:0.64±0.03,choice,0.6414141414141414,0.0273956181790275,fbszwTApm3f28z5VA6oXBK
normalized_string_match:0.79±0.01,normalized_string_match,0.785404078549849,0.009533389921244,SqwGZz2UfTmbvPiw2rq3LH
sympy_equiv:0.78±0.01,sympy_equiv,0.7828549848942599,0.0096513707710024,SqwGZz2UfTmbvPiw2rq3LH
model_graded_equiv:0.82±0.01,model_graded_equiv,0.8216578549848943,0.0087340815051769,SqwGZz2UfTmbvPiw2rq3LH
normalized_string_match:0.79±0.01,normalized_string_match,0.7930513595166163,0.0111378669020299,fvDt6HaHV5d3gSEuavixsv
sympy_equiv:0.78±0.01,sympy_equiv,0.783987915407855,0.0113139377819912,fvDt6HaHV5d3gSEuavixsv
model_graded_equiv:0.83±0.01,model_graded_equiv,0.8345921450151057,0.0102149275150492,fvDt6HaHV5d3gSEuavixsv
choice:0.57±0.04,choice,0.5707070707070707,0.0352655272460119,ag9w2w4xa47ghZaWt5oZey
choice:0.66±0.03,choice,0.6565656565656566,0.0338320122324444,g5YE7G6DXb45EH4HxEdiht
choice:0.62±0.03,choice,0.6237373737373737,0.0274277235112307,X2gKewiGPZx5DLFEddUUqW
choice:0.77±0.03,choice,0.7676767676767676,0.0300886294902174,NAkCFiFiDSN3NXMj7HMvMS
normalized_string_match:0.82±0.01,normalized_string_match,0.820619335347432,0.0083420494163851,4DWnpJowAfeQDHc2xDNy2C
sympy_equiv:0.82±0.01,sympy_equiv,0.8215634441087614,0.0084739344066521,4DWnpJowAfeQDHc2xDNy2C
model_graded_equiv:0.89±0.01,model_graded_equiv,0.8918051359516617,0.0068028201660656,4DWnpJowAfeQDHc2xDNy2C
normalized_string_match:0.8±0.01,normalized_string_match,0.7983383685800605,0.0107029262611467,3VDhPT5WvzjJZkRc36Kuvi
sympy_equiv:0.82±0.01,sympy_equiv,0.8217522658610272,0.0100467986343414,3VDhPT5WvzjJZkRc36Kuvi
model_graded_equiv:0.96±0,model_graded_equiv,0.9648791540785498,0.0042652634619846,3VDhPT5WvzjJZkRc36Kuvi
choice:0.77±0.03,choice,0.7702020202020202,0.0258553326988784,MzsTvCEEfEpzn4WvxYdJkX
normalized_string_match:0.78±0.01,normalized_string_match,0.7802114803625377,0.011384887619875,jVXtRkTBDnqH8p4sjVUbgN
sympy_equiv:0.8±0.01,sympy_equiv,0.802870090634441,0.0109375229860148,jVXtRkTBDnqH8p4sjVUbgN
model_graded_equiv:0.95±0.01,model_graded_equiv,0.947129909365559,0.0061521920059655,jVXtRkTBDnqH8p4sjVUbgN
normalized_string_match:0.6±0.01,normalized_string_match,0.5996978851963746,0.0134703933823052,Kpck3pLw3veM5Mt7WZAb8G
sympy_equiv:0.6±0.01,sympy_equiv,0.5981873111782477,0.0134787773590812,Kpck3pLw3veM5Mt7WZAb8G
model_graded_equiv:0.64±0.01,model_graded_equiv,0.6351963746223565,0.0132343816959083,Kpck3pLw3veM5Mt7WZAb8G
normalized_string_match:0.61±0.01,normalized_string_match,0.6098942598187311,0.0113903732215702,6uSKG2QxR8atueXmDWAPXn
sympy_equiv:0.63±0.01,sympy_equiv,0.627643504531722,0.0112400949282614,6uSKG2QxR8atueXmDWAPXn
model_graded_equiv:0.68±0.01,model_graded_equiv,0.6818353474320241,0.0106696518619303,6uSKG2QxR8atueXmDWAPXn
choice:0.66±0.03,choice,0.6603535353535354,0.0267038586840609,PyNEkFCfMEReodeE2oiPhh
model_graded:0.08±0.02,model_graded,0.0847222222222222,0.0247426427977093,bHLfPfZj8HgD9Gef75NtrM
choice:0.51±0.03,choice,0.5132575757575758,0.026887818295509,n9gpXfUzo8SbWqvrG2q4xM
model_graded:0.31±0.06,model_graded,0.3111111111111111,0.0631121814445445,ZnGSRrKbiEnuju4kk4sgVb
normalized_string_match:0.47±0.01,normalized_string_match,0.4688444108761329,0.0113342743541907,MMqL6fQSwsBKAdBSfxrYpU
sympy_equiv:0.47±0.01,sympy_equiv,0.4695996978851964,0.0114267402063935,MMqL6fQSwsBKAdBSfxrYpU
model_graded_equiv:0.5±0.01,model_graded_equiv,0.5028323262839879,0.0114694516234809,MMqL6fQSwsBKAdBSfxrYpU
model_graded:0.06±0.02,model_graded,0.0625,0.0241653604662675,buNVL2TWcdVgxAcMfVE8xJ
model_graded:0.14±0.04,model_graded,0.1375,0.0369808338292563,5mmrBSQb7hVSJ9VYtNm46i
model_graded:0.06±0.02,model_graded,0.0625,0.0232499864233695,9cCn5aW522cTRxJSE69crm
model_graded:0.05±0.02,model_graded,0.0513888888888888,0.0236111111111111,ZjsXQpZ7SsejXDo52aetZZ
model_graded:0.07±0.02,model_graded,0.0652777777777777,0.02229313181566,2xNPhKLsiWLHQBLLDGU4VJ
model_graded:0.02±0.01,model_graded,0.0180555555555555,0.0080985442983962,ThMd6DNDTtyWxhPcb9Kq4y
model_graded:0.03±0.02,model_graded,0.025,0.0195029782755393,AeRCEiG87bMFpxbxbmjCyn
model_graded:0.08±0.03,model_graded,0.0847222222222222,0.0263639568559024,geVVaRWxuprKUqnW2VzvCa
model_graded:0.08±0.02,model_graded,0.0777777777777777,0.0246627789501575,beRGgJXTJggTi8PPEZNoZ5
model_graded:0.06±0.03,model_graded,0.0638888888888888,0.0256303801392615,mBUKqiVQsqXd3qmdtKP5UP
model_graded:0.64±0.06,model_graded,0.6388888888888888,0.0603771059379015,ajytUBY9bDPNNxuBfi5UBS
model_graded:0.04±0.02,model_graded,0.0430555555555555,0.0162376388278154,cqhrR5KnwpcuAVpHkZGQFd
model_graded:0.02±0.01,model_graded,0.0194444444444444,0.009489457497216,ZVHvk3GTPUNTgjc5w3vkhW
model_graded:0.05±0.02,model_graded,0.0472222222222222,0.0195792584771239,mYb9MGQD39RS8VdDyMqujr
model_graded:0.03±0.01,model_graded,0.0263888888888888,0.0094199027543406,LHRL6nQJZXGJmYppR7kbGw
model_graded:0.05±0.02,model_graded,0.0458333333333333,0.0201007563051842,jGY5Ee5P9dyStA4Fw5Pa6q
model_graded:0.16±0.04,model_graded,0.1583333333333333,0.0433650088193118,7saSEhfVvXuz4yTcGy5u2y
model_graded:0.04±0.01,model_graded,0.0388888888888888,0.0143637264875207,U9GVBhYjRzU55YVjna5mMT
model_graded:0.01±0.01,model_graded,0.0083333333333333,0.0051031036307982,7P5HLaaD6DBjNYFx7o6Jma
model_graded:0.07±0.02,model_graded,0.0736111111111111,0.0214205950228642,NRCNnCCL5aQKsZf6cKC69Z
model_graded:0.01±0.01,model_graded,0.0111111111111111,0.0060540263104731,NpJvYQDcmwbGgS5MzZUPUg
model_graded:0.16±0.04,model_graded,0.1625,0.0411137557161944,QdGZ2m52PWt3EkLPbcoRwz
model_graded:0.22±0.05,model_graded,0.2194444444444444,0.0481516890371129,N2NcmgmHyGJ9HNmQe5yvcS
model_graded:0.03±0.02,model_graded,0.025,0.0223324287469449,6SY8iSf5uKn7SrCzzrabPb
model_graded:0.04±0.02,model_graded,0.0361111111111111,0.0169121235046515,X2tQXGELXtEbc2VX6gARd7
model_graded:0.1±0.03,model_graded,0.0972222222222222,0.0321864460916233,2fQJP3brRApfBdQq7Zy3bm
model_graded:0.23±0.05,model_graded,0.2305555555555555,0.0518678201121603,fhCdyX9uUS4WPtjLiVdBdK
model_graded:0±0,model_graded,0.0,0.0,NLk2oE4rzSFihPzF95peHr
model_graded:0.04±0.02,model_graded,0.0430555555555555,0.0219242971059842,6RD3A6J432TZzxrKYRxph2
model_graded:0.07±0.02,model_graded,0.0680555555555555,0.0189303429551487,3S6fjGAMKWKK3zcdxkmh9H
model_graded:0.08±0.03,model_graded,0.0805555555555555,0.0260982130189672,67YbVQfJh7sd77KH3zFgTn
model_graded:0.12±0.03,model_graded,0.1152777777777777,0.0338242470093031,PpSVDb67Ucbxpcd8JQv5ii
model_graded:0.53±0.08,model_graded,0.5333333333333333,0.0752101433090354,bBY5VZzpDkmTBdSSvu5Ups
choice:0.77±0.03,choice,0.7676767676767676,0.0300886294902174,Vn3Ug88CRbxEaJhLbRzAWD
model_graded:0.47±0.08,model_graded,0.4666666666666667,0.0752101433090354,64LAJymM6eXDkRZb92Mdg8
normalized_string_match:0.78±0.01,normalized_string_match,0.7847432024169184,0.0112995798782548,hWeVyRo3hN5H4AspNc9cuf
sympy_equiv:0.79±0.01,sympy_equiv,0.7930513595166163,0.0111378669020299,hWeVyRo3hN5H4AspNc9cuf
model_graded_equiv:0.86±0.01,model_graded_equiv,0.8625377643504532,0.0094667484833971,hWeVyRo3hN5H4AspNc9cuf
model_graded:0.73±0.07,model_graded,0.7333333333333333,0.0666666666666666,KvcqycaJpCQMBigiEosyzC
model_graded:0.07±0.02,model_graded,0.0666666666666666,0.024034381938205,MZABVPEY8VCPAyCZ4iir68
choice:0.47±0.03,choice,0.4659090909090909,0.0265768833325805,TaCoN7eyPQEfDWXqs2MpcF
normalized_string_match:0.44±0.01,normalized_string_match,0.4391993957703927,0.0113708136498333,AZAJomaSEfZtqYqXUre9fS
sympy_equiv:0.44±0.01,sympy_equiv,0.4393882175226586,0.0114325970301498,AZAJomaSEfZtqYqXUre9fS
model_graded_equiv:0.47±0.01,model_graded_equiv,0.467333836858006,0.0114282589303959,AZAJomaSEfZtqYqXUre9fS
model_graded:0.77±0.05,model_graded,0.7694444444444445,0.052397620768288,Mjx6vYbgAb2DHXK8xcupX8
model_graded:0.38±0.07,model_graded,0.3777777777777777,0.0730911212732345,9DCJMt7YsTMDenTdX4Db6V
choice:0.69±0.03,choice,0.6868686868686869,0.0330420508781365,dodibSv7pk8GtqeMy4YLQg
normalized_string_match:0.72±0.01,normalized_string_match,0.724320241691843,0.0122853583425524,japqZFi3FS7um32EHG6wwW
sympy_equiv:0.73±0.01,sympy_equiv,0.7326283987915407,0.0121680109242687,japqZFi3FS7um32EHG6wwW
model_graded_equiv:0.79±0.01,model_graded_equiv,0.7862537764350453,0.0112706944281362,japqZFi3FS7um32EHG6wwW
verification_code:0±0,verification_code,0.0,0.0,kPCieUA4pKDto2xEfvQqSL
verification_code:0±0,verification_code,0.0,0.0,SNDo6TsviYYTiH2kCmf7Pr
verification_code:0±0,verification_code,0.0,0.0,7rbXSQ8hFiXCCFv2vtqiiH
verification_code:0.11±0.06,verification_code,0.1125,0.0623609564462323,UjGSDrmEPtVoVGdVSbUMsb
verification_code:0±0,verification_code,0.0,0.0,dvMWxBZMaxp6adP9zGszYG
verification_code:0±0,verification_code,0.0034482758620689,0.0034482758620689,Z7HU95T8eema56EpLtECvG
verification_code:0±0,verification_code,0.0034482758620689,0.0034482758620689,cEvTUVyxAqq5UDgsGQbvLM
verification_code:0.01±0,verification_code,0.0068965517241379,0.004868154158215,kinyvFjqSqUiY5FyYv7tsA
verification_code:0.03±0.01,verification_code,0.0310344827586206,0.0102006417530873,m7X2ppkiEkweCtFppiRW8S
verification_code:0.08±0.01,verification_code,0.0808189655172413,0.012761417139125,U8CjtcxudQeP2cnMNixfJH
verification_code:0±0,verification_code,0.0,0.0,8wm9yBTJHoY6ui45QTpjn2
verification_code:0.4±0.16,verification_code,0.4,0.1632993161855452,JJqAHUs8LTLCKhnTWQUVTi
verification_code:0.11±0.02,verification_code,0.1103448275862069,0.018430534185153,GZeqEeaiEhnLJSzVogT9N4
model_graded:0.47±0.06,model_graded,0.4694444444444444,0.0645687368103824,9zhPZLvNeUPQ7JBSpTwKPp
model_graded:0.45±0.06,model_graded,0.4472222222222222,0.0631267675131195,QUTfpiKjphedrKg8H6fGzF
verification_code:0.04±0.01,verification_code,0.0413793103448275,0.0117156422541124,PU7LXbdNB8Unfvu4qCeJZF
verification_code:0±0,verification_code,0.0,0.0,QKY2tL2pcQ33bDkdMCQzdr
verification_code:0±0,verification_code,0.0,0.0,JPadBpaxxGpdvTXtfHuvPV
verification_code:0.01±0.01,verification_code,0.0137931034482758,0.006860663093423,2ekT2UzaebvmGprKvmeeEa
verification_code:0.02±0.01,verification_code,0.0172413793103448,0.0076570328958121,hC2FY4WuKm6BLgPhbWeZDY
verification_code:0±0,verification_code,0.0,0.0,ADAsCz7ZtJ8E4inNusQebu
verification_code:0.02±0.01,verification_code,0.0206896551724137,0.0083731308075254,MVnDrt94wyokzx3a7ZJkph
verification_code:0±0,verification_code,0.0,0.0,Hs7dxLcim5bsmuG2DqnnsA
verification_code:0±0,verification_code,0.0,0.0,Qe4yHtQm26TQHFCAjhKBaA
verification_code:0±0,verification_code,0.0034482758620689,0.0034482758620689,JQcqpW9xPfJRKJkHne6DpK
verification_code:0±0,verification_code,0.0,0.0,8FtfWCm8DdAqF9rnMVwv8h
verification_code:0±0,verification_code,0.0,0.0,BhMT5JGDGaz4FvSyNLYmok
verification_code:0±0,verification_code,0.0,0.0,i5xfb9Bk8TaiuQ6WccCAzu
verification_code:0±0,verification_code,0.0034482758620689,0.0034482758620689,SmT4ukjkxsXZvFExMMVFgW
verification_code:0±0,verification_code,0.0,0.0,PDACS493wNy85eyMC9NULs
verification_code:0.01±0.01,verification_code,0.0103448275862068,0.0059518867144507,h7f9jZVWzZNDHNxP5eewNH
verification_code:0±0,verification_code,0.0,0.0,BhT6UhKLcghqng7J8NbPWH
verification_code:0.09±0.02,verification_code,0.093103448275862,0.0170927852801478,bynpttv6jLvbXTY7ktnBpk
model_graded:0.31±0.07,model_graded,0.3111111111111111,0.0697920592732311,Cprjaj9JQ9MY5NCXqeQR5H
model_graded:0.03±0.02,model_graded,0.025,0.0151798976587226,7LLTmqs4LC5GLVfJEqJWSC
model_graded:0.58±0.07,model_graded,0.5777777777777777,0.074460272702958,cXz2gsCmGYSvQ6Ey4LDiN7
verification_code:0±0,verification_code,0.0,0.0,RaMuNb5qvzGzMveuZuhEAZ
model_graded:0.02±0.01,model_graded,0.0194444444444444,0.0104775158766286,2vg9qw9pd8zSyRMu9YNiVm
model_graded:0.01±0,model_graded,0.0055555555555555,0.0038834738634418,WNE7cveVN8rsi7DmsFsFVy
model_graded:0.01±0.01,model_graded,0.0138888888888888,0.0090786252587108,jD6rJdvfNPErKEz9qkpssj
verification_code:0±0,verification_code,0.0,0.0,iKvrBWEvZT26XhFBRcavtf
model_graded:0.04±0.02,model_graded,0.0444444444444444,0.0182727803183086,FGcofc566CradiNmHUGqVB
model_graded:0.51±0.06,model_graded,0.5138888888888888,0.0605402631047315,89zcekqEYnE8zhwG4pR5Nu
verification_code:0.02±0.01,verification_code,0.0172413793103448,0.0076570328958121,aXcfCytWFYNk7E5AZGMzLb
verification_code:0.02±0.01,verification_code,0.0172413793103448,0.0076570328958121,5RpSr8gJZfcZn586aV2hDW
choice:0.56±0.03,choice,0.5574494949494949,0.0297346521917906,f6pnAATjxmrFJS353EjQKi
choice:0.45±0.03,choice,0.4469696969696969,0.0286309467819037,8UqaLobhmNJLuPGTTpeaCw
normalized_string_match:0.83±0.01,normalized_string_match,0.8317598187311178,0.0090301807816695,oPDoTJFMhMNvU4sybYu2jQ
sympy_equiv:0.83±0.01,sympy_equiv,0.8347809667673716,0.009084036670343,oPDoTJFMhMNvU4sybYu2jQ
model_graded_equiv:0.9±0.01,model_graded_equiv,0.8989803625377644,0.0068180152001744,oPDoTJFMhMNvU4sybYu2jQ
choice:0.77±0.03,choice,0.7676767676767676,0.0300886294902174,iv9yfwZ9vTznxQfvJF6J7p
normalized_string_match:0.81±0.01,normalized_string_match,0.8113670694864048,0.0091476207040738,R8XGt5ScHpmTbD5DnXR59V
sympy_equiv:0.81±0.01,sympy_equiv,0.8143882175226587,0.0092522425593794,R8XGt5ScHpmTbD5DnXR59V
model_graded_equiv:0.87±0.01,model_graded_equiv,0.8712235649546828,0.0074862172041552,R8XGt5ScHpmTbD5DnXR59V
model_graded:0.53±0.08,model_graded,0.5333333333333333,0.0752101433090354,dSuGgEbnQErengjEboPn62
choice:0.33±0.02,choice,0.3295454545454545,0.0241655111621175,gFT36W4KU3wggLQ9nNCctg
normalized_string_match:0.83±0.01,normalized_string_match,0.8308157099697885,0.0103074786650384,WHGMHrneqJs4nefAh4TjZR
sympy_equiv:0.84±0.01,sympy_equiv,0.8376132930513596,0.010139512987533,WHGMHrneqJs4nefAh4TjZR
model_graded_equiv:0.9±0.01,model_graded_equiv,0.9003021148036254,0.0082367746846782,WHGMHrneqJs4nefAh4TjZR
choice:0.38±0.03,choice,0.3813131313131313,0.0263515153905115,JpLxrpvthx7A75sbaHZ9Et
normalized_string_match:0.42±0.01,normalized_string_match,0.4248489425981873,0.0115585901494752,GSvi9Zf5aK3t5TfCPqNRHy
sympy_equiv:0.43±0.01,sympy_equiv,0.433345921450151,0.0115717406076669,GSvi9Zf5aK3t5TfCPqNRHy
model_graded_equiv:0.46±0.01,model_graded_equiv,0.4635574018126888,0.0116117281055262,GSvi9Zf5aK3t5TfCPqNRHy
verification_code:0±0,verification_code,0.0,0.0,VzgR6YSTMWX3dFDwQgmFpM
normalized_string_match:0.71±0.01,normalized_string_match,0.7143126888217523,0.0116042804256078,amrtN7UjAtuyEmv5DaGshP
sympy_equiv:0.71±0.01,sympy_equiv,0.7122356495468278,0.0116622002103458,amrtN7UjAtuyEmv5DaGshP
model_graded_equiv:0.74±0.01,model_graded_equiv,0.740370090634441,0.0111958575257272,amrtN7UjAtuyEmv5DaGshP
verification_code:0.03±0.01,verification_code,0.0344827586206896,0.0107332710388015,aZqVpPa4SWHapN9QHEoEm3
model_graded:0.2±0.05,model_graded,0.1972222222222222,0.0542523926660269,A3ZGeCNhHMp55ZjtRtCGVB
verification_code:0±0,verification_code,0.0,0.0,Rfy7A5TbRK343mTyQkeGt7
choice:0.49±0.03,choice,0.4886363636363636,0.0302633469589555,FtxiPnS7ZH5qLrmFgp4ca2
verification_code:0.03±0.01,verification_code,0.0310344827586206,0.0102006417530873,DoU54Xy93J3MxztC4uxwYy
choice:0.77±0.03,choice,0.7727272727272727,0.0298575156733864,JBX3gYnFhUbDVb4oDpaCax
model_graded:0.58±0.07,model_graded,0.5777777777777777,0.074460272702958,QW3FUBn5qtAFEX4oQuzEAV
normalized_string_match:0.83±0.01,normalized_string_match,0.8285498489425982,0.0103621132667439,epCyFNTf6vyUi5Dby7GeTq
sympy_equiv:0.83±0.01,sympy_equiv,0.8323262839879154,0.0102706842336059,epCyFNTf6vyUi5Dby7GeTq
model_graded_equiv:0.91±0.01,model_graded_equiv,0.9116314199395772,0.007803306377082,epCyFNTf6vyUi5Dby7GeTq
model_graded:0.06±0.02,model_graded,0.0583333333333333,0.0226830377599695,JxqtHWrwCtYoQYBB3jVqB9
choice:0.47±0.03,choice,0.4747474747474747,0.0276164951400122,S8bBDAbucsFceirHxeEDvu
normalized_string_match:0.45±0.01,normalized_string_match,0.4499622356495468,0.0119823753519354,Kas7Y5PBsT7Li5Wm6Y8mj8
sympy_equiv:0.44±0.01,sympy_equiv,0.4425981873111782,0.011970815223381,Kas7Y5PBsT7Li5Wm6Y8mj8
model_graded_equiv:0.47±0.01,model_graded_equiv,0.4677114803625378,0.0119957003779657,Kas7Y5PBsT7Li5Wm6Y8mj8
model_graded:0.05±0.03,model_graded,0.0527777777777777,0.025895845946049,b4vEwq8UVmGmAKh4eqp6G3
choice:0.84±0.03,choice,0.8383838383838383,0.0262259198636292,WKjzEQdfnBHnYeZoKeCWnB
model_graded:0.38±0.06,model_graded,0.3777777777777777,0.0623722038007193,VpsMexBEhXkPYJBe7v6Fk9
choice:0.68±0.03,choice,0.6761363636363636,0.02683630252503,VjfLwKbT6kTprYsMGcz2YT
model_graded:0.03±0.01,model_graded,0.025,0.0123091490979332,63MnE4e4AXvbQ585MaWTFv
normalized_string_match:0.7±0.01,normalized_string_match,0.7029833836858006,0.0091883853137963,YFyn28VJ6m2hfop3KGRkBs
sympy_equiv:0.69±0.01,sympy_equiv,0.691654078549849,0.0095962239298389,YFyn28VJ6m2hfop3KGRkBs
model_graded_equiv:0.76±0.01,model_graded_equiv,0.75547583081571,0.0086031731065772,YFyn28VJ6m2hfop3KGRkBs
verification_code:0±0,verification_code,0.0,0.0,hWj4Vg5DgUWxhZrT4LWKeU
model_graded:0.16±0.04,model_graded,0.1611111111111111,0.0410219480822996,PZt4Yb9bpXVPDoPi4uTxwK
normalized_string_match:0.64±0.01,normalized_string_match,0.6406722054380665,0.0114335681617319,GFZDNH95TnVegNrEtmUT2Q
sympy_equiv:0.64±0.01,sympy_equiv,0.6384063444108762,0.0115999321886112,GFZDNH95TnVegNrEtmUT2Q
model_graded_equiv:0.67±0.01,model_graded_equiv,0.6718277945619335,0.0111439674428821,GFZDNH95TnVegNrEtmUT2Q
choice:0.56±0.03,choice,0.5612373737373737,0.0278588314757094,GBf7rqHkGGzfX87V37F9mH
verification_code:0.01±0.01,verification_code,0.0103448275862068,0.0059518867144507,F77vDPynTKJbz7m2bt7Py8
normalized_string_match:0.62±0.01,normalized_string_match,0.6174471299093656,0.0115298954750352,J3WoEpLKAJZWGGpyBVCCCn
sympy_equiv:0.62±0.01,sympy_equiv,0.6200906344410876,0.0116540910794456,J3WoEpLKAJZWGGpyBVCCCn
model_graded_equiv:0.65±0.01,model_graded_equiv,0.6527567975830816,0.0113346547740465,J3WoEpLKAJZWGGpyBVCCCn
model_graded:0.18±0.04,model_graded,0.1777777777777777,0.0436079745381748,AULNJG2C75JBP6uaiAgj3P
model_graded:0.06±0.02,model_graded,0.0611111111111111,0.0223402798383272,G5gxbTH33S7LXA29o5fgmv
choice:0.48±0.03,choice,0.4810606060606061,0.0271449368122779,QtraMoKiQRRpZc9txpFAYF
normalized_string_match:0.52±0.01,normalized_string_match,0.5186933534743202,0.0113077370896928,jWV936hYKg6rYcPEynzEEt
sympy_equiv:0.51±0.01,sympy_equiv,0.509629909365559,0.0114230132890039,jWV936hYKg6rYcPEynzEEt
model_graded_equiv:0.56±0.01,model_graded_equiv,0.5623111782477341,0.0113646309475505,jWV936hYKg6rYcPEynzEEt
choice:0.42±0.03,choice,0.4179292929292929,0.0261772750887025,9Ke5At9bYuf56SmKJJ7Sz7
choice:0.67±0.03,choice,0.6698232323232324,0.0282448235297281,LyHy99ubGCqBhoaksQjkiF
choice:0.52±0.03,choice,0.5183080808080808,0.0315490201249947,MsXAXDEKP3xBKtiA7aTBBG
normalized_string_match:0.6±0.01,normalized_string_match,0.601963746223565,0.0121564976389807,c6rTyTFCeoHMBzC2QwjxFL
sympy_equiv:0.6±0.01,sympy_equiv,0.596487915407855,0.0122326020878564,c6rTyTFCeoHMBzC2QwjxFL
model_graded_equiv:0.62±0.01,model_graded_equiv,0.6227341389728097,0.0120224058737839,c6rTyTFCeoHMBzC2QwjxFL
model_graded:0.08±0.03,model_graded,0.0777777777777777,0.030069597533844,T3X5DeC47iqCaoRYXu5k8L
normalized_string_match:0.7±0.01,normalized_string_match,0.701095166163142,0.011245621204647,HkjCosgMFq5QXB2CyTyU7r
sympy_equiv:0.7±0.01,sympy_equiv,0.7035498489425982,0.0112550698663966,HkjCosgMFq5QXB2CyTyU7r
model_graded_equiv:0.73±0.01,model_graded_equiv,0.7301737160120846,0.0108357369963628,HkjCosgMFq5QXB2CyTyU7r
model_graded:0.21±0.05,model_graded,0.2055555555555555,0.0494852855954187,GJEpPThqUxXJBSbvkuXVnw
verification_code:0±0,verification_code,0.0,0.0,m96PYCivjSmTVDd27zw84m
verification_code:0±0,verification_code,0.0,0.0,M2qDSno6GVHdWjcdGRGy9D
verification_code:0.01±0,verification_code,0.0068965517241379,0.004868154158215,QjvBS34fsngfBBMZUirSyh
verification_code:0±0,verification_code,0.0,0.0,bhjLDA5A7gddsX5cAYKma8
